{"cameraMode":{"drawMode":0,"name":"Shaded","section":"Shading Mode"},"sceneLighting":true,"audioPlay":false,"sceneViewState":{"m_AlwaysRefresh":false,"showFog":true,"showSkybox":true,"showFlares":true,"showImageEffects":true,"showParticleSystems":true,"showVisualEffectGraphs":true,"m_FxEnabled":true},"in2DMode":false,"pivot":{"x":-14.849998474121094,"y":4.582370758056641,"z":2.1705331802368166},"rotation":{"x":-0.09317515790462494,"y":0.0020865770056843759,"z":-0.00019374757539480925,"w":-0.9956565499305725},"size":17.49285316467285,"orthographic":false}